Open Time,Open,High,Low,Close,Volume,Close Time,Quote Asset Volume,Number of Trades,Taker buy base asset volume,Taker buy quote asset volume
2021-11-27,0.0001138,0.000145,0.0001138,0.0001365,720771.77,1638057599999000000,94.07545776,10397,360956.22,47.53380651
2021-11-28,0.0001366,0.0001435,0.0001132,0.0001215,506107.98,1638143999999000000,63.14788849,5516,229825.12,28.64586496
2021-11-29,0.0001215,0.0001237,0.0001106,0.0001176,214821.59,1638230399999000000,24.94515085,2607,106344.0,12.35112199
2021-11-30,0.0001177,0.0001178,0.000108,0.00011,191436.84,1638316799999000000,21.6422918,2284,74042.51,8.3875797
2021-12-01,0.0001104,0.0001117,9.03e-05,9.48e-05,583970.4,1638403199999000000,57.23896397,5365,254952.96,24.95035304
2021-12-02,9.48e-05,0.0001019,8.73e-05,9.91e-05,385992.38,1638489599999000000,36.10261577,3550,218404.15,20.50246017
2021-12-03,9.91e-05,0.00012,9.2e-05,9.53e-05,749594.32,1638575999999000000,77.25992871,6878,371321.18,38.50154003
2021-12-04,9.53e-05,0.0001263,8.21e-05,0.0001072,991283.31,1638662399999000000,105.05539702,10074,510135.45,53.96061957
2021-12-05,0.0001076,0.000146,9.01e-05,9.79e-05,727463.83,1638748799999000000,78.29927355,10603,346219.34,38.18814745
2021-12-06,9.84e-05,9.87e-05,8.21e-05,9.7e-05,831736.76,1638835199999000000,74.48607384,5999,419422.07,37.69069749
2021-12-07,9.68e-05,9.89e-05,8.72e-05,8.84e-05,326908.22,1638921599999000000,30.76139457,2536,204939.33,19.33749083
2021-12-08,8.85e-05,9.1e-05,8.4e-05,8.41e-05,192938.64,1639007999999000000,17.02265113,2149,86313.42,7.63371282
2021-12-09,8.45e-05,8.93e-05,8.2e-05,8.21e-05,226788.97,1639094399999000000,19.35950452,2838,113412.76,9.71187733
2021-12-10,8.24e-05,8.46e-05,7.39e-05,7.4e-05,433483.72,1639180799999000000,34.16174792,3263,211431.25,16.70248283
2021-12-11,7.47e-05,7.85e-05,7.27e-05,7.69e-05,168739.04,1639267199999000000,12.81584235,1686,90422.05,6.87533555
2021-12-12,7.68e-05,0.0001085,7.63e-05,9.93e-05,1587753.9,1639353599999000000,152.87951838,21394,850912.33,81.43082644
2021-12-13,9.92e-05,0.0001016,8.11e-05,8.69e-05,1060051.77,1639439999999000000,94.7433937,14773,506199.53,45.36233021
2021-12-14,8.68e-05,9.27e-05,7.89e-05,8.45e-05,550280.44,1639526399999000000,46.39478962,7753,258969.55,21.85864764
2021-12-15,8.45e-05,9.44e-05,8.07e-05,8.69e-05,495245.19,1639612799999000000,42.27922187,6364,223703.46,19.10781319
2021-12-16,8.68e-05,9.97e-05,8.41e-05,9.03e-05,427601.13,1639699199999000000,38.5911008,8471,224275.87,20.21351306
2021-12-17,9.03e-05,9.29e-05,8.51e-05,9.01e-05,236905.54,1639785599999000000,20.98477342,4156,114693.39,10.15238867
2021-12-18,9.02e-05,0.0001027,8.86e-05,9.64e-05,302934.91,1639871999999000000,29.07223,6573,163218.43,15.67901974
2021-12-19,9.66e-05,0.0001059,9.17e-05,0.0001002,284851.7,1639958399999000000,28.0961419,5679,151877.7,15.01783604
2021-12-20,0.0001004,0.0001036,9.11e-05,9.5e-05,269219.64,1640044799999000000,25.88786482,5936,132375.51,12.78609906
2021-12-21,9.56e-05,0.0001313,9.13e-05,0.0001126,1076114.24,1640131199999000000,123.14201304,20100,581024.43,66.1464171
2021-12-22,0.0001128,0.0001329,0.0001128,0.0001179,785373.82,1640217599999000000,95.58150663,14989,396864.44,48.38208579
2021-12-23,0.0001183,0.0001272,0.000116,0.0001212,341876.68,1640303999999000000,41.41282591,7544,183824.8,22.25553492
2021-12-24,0.000121,0.0001302,0.0001088,0.0001096,328851.03,1640390399999000000,38.85179515,7270,138109.73,16.37514314
2021-12-25,0.0001098,0.0001163,0.000109,0.0001113,172666.0,1640476799999000000,19.35880338,2456,82056.65,9.23318424
2021-12-26,0.0001115,0.0001123,0.0001027,0.0001064,231323.17,1640563199999000000,24.68378779,5045,90536.11,9.67926447
2021-12-27,0.0001067,0.0001107,0.0001016,0.0001019,233368.32,1640649599999000000,24.79120692,3191,105771.34,11.26192966
2021-12-28,0.0001016,0.0001076,9.84e-05,0.0001027,235694.82,1640735999999000000,24.20498324,3839,120657.2,12.45237675
2021-12-29,0.0001032,0.0001052,9.64e-05,9.93e-05,305003.93,1640822399999000000,30.69032892,3682,146684.54,14.79480571
2021-12-30,9.95e-05,0.000105,9.59e-05,9.76e-05,290184.54,1640908799999000000,28.6877389,3431,133602.14,13.23213592
2021-12-31,9.8e-05,0.0001054,9.63e-05,9.99e-05,175222.43,1640995199999000000,17.50694349,2423,95873.55,9.60083117
2022-01-01,0.0001,0.0001019,9.35e-05,0.0001003,224714.42,1641081599999000000,21.77941059,2779,102689.81,9.99965044
2022-01-02,0.0001003,0.0001025,9.59e-05,9.69e-05,90411.6,1641167999999000000,8.92674305,1650,37478.32,3.70046681
2022-01-03,9.69e-05,0.0001172,9.61e-05,0.0001134,468476.46,1641254399999000000,50.88011667,7316,239721.83,25.82918445
2022-01-04,0.0001135,0.0001185,0.0001025,0.0001048,468837.42,1641340799999000000,50.40174115,9009,174028.27,18.88179072
2022-01-05,0.0001049,0.0001094,9.43e-05,9.82e-05,555363.23,1641427199999000000,57.53488102,7968,254220.0,26.47888241
2022-01-06,9.83e-05,0.0001023,9.47e-05,9.67e-05,652448.66,1641513599999000000,63.57011507,7514,333424.09,32.54154121
2022-01-07,9.67e-05,9.69e-05,8.85e-05,8.88e-05,524147.62,1641599999999000000,48.38308086,7051,267911.42,24.82062847
2022-01-08,8.89e-05,9.16e-05,8.39e-05,8.6e-05,242560.91,1641686399999000000,21.42099045,3678,118278.36,10.46401954
2022-01-09,8.6e-05,9.38e-05,8.35e-05,8.99e-05,360389.29,1641772799999000000,31.71627891,3700,179579.72,15.80663347
2022-01-10,9e-05,9.02e-05,8.01e-05,8.37e-05,269559.74,1641859199999000000,22.74008221,4301,135176.81,11.4599461
2022-01-11,8.37e-05,8.43e-05,7.78e-05,8.14e-05,350769.99,1641945599999000000,28.44807411,4661,171088.31,13.93334175
2022-01-12,8.16e-05,9.09e-05,7.97e-05,9.05e-05,315895.21,1642031999999000000,26.4912018,5506,155790.11,13.12036515
2022-01-13,9.05e-05,9.28e-05,8.31e-05,8.31e-05,322587.38,1642118399999000000,28.14491311,4265,143132.89,12.56972095
2022-01-14,8.35e-05,8.47e-05,7.88e-05,8.21e-05,260203.23,1642204799999000000,21.2268666,3190,124479.29,10.20646388
2022-01-15,8.21e-05,8.7e-05,8.05e-05,8.46e-05,143699.65,1642291199999000000,12.02789146,2294,74055.94,6.24367792
2022-01-16,8.44e-05,8.7e-05,8.24e-05,8.36e-05,126332.64,1642377599999000000,10.60179442,1749,63016.96,5.29935698
2022-01-17,8.36e-05,8.42e-05,7.52e-05,7.57e-05,266987.78,1642463999999000000,20.87348489,2867,140262.86,10.97983851
2022-01-18,7.58e-05,7.83e-05,6.94e-05,7.07e-05,455118.22,1642550399999000000,33.04361148,3451,235498.33,17.13873065
2022-01-19,7.08e-05,7.55e-05,6.7e-05,7.12e-05,328526.68,1642636799999000000,23.24171387,2977,164674.35,11.6942271
2022-01-20,7.12e-05,7.78e-05,6.96e-05,6.96e-05,310671.4,1642723199999000000,22.79191304,2728,167415.91,12.31431795
2022-01-21,6.98e-05,7.15e-05,6.23e-05,6.61e-05,751400.78,1642809599999000000,50.20869571,6016,352908.9,23.58089692
2022-01-22,6.61e-05,6.86e-05,5.75e-05,6.09e-05,366105.81,1642895999999000000,22.63395103,3588,163008.66,10.16713533
2022-01-23,6.11e-05,6.57e-05,5.97e-05,6.21e-05,232795.19,1642982399999000000,14.48421696,4691,120900.0,7.53028561
2022-01-24,6.17e-05,6.38e-05,5.43e-05,6.21e-05,517852.94,1643068799999000000,29.88697891,4987,254345.13,14.74027346
2022-01-25,6.21e-05,6.65e-05,6.07e-05,6.24e-05,358150.11,1643155199999000000,22.6283088,3190,178008.4,11.26804923
2022-01-26,6.25e-05,7.15e-05,6.15e-05,6.78e-05,358886.82,1643241599999000000,23.20936911,5560,204949.43,13.25186638
2022-01-27,6.78e-05,7.21e-05,6.64e-05,6.7e-05,346944.75,1643327999999000000,23.92133018,5672,179055.53,12.37728288
2022-01-28,6.72e-05,7.57e-05,6.62e-05,7.5e-05,209655.84,1643414399999000000,14.69260612,5134,122511.22,8.59630243
2022-01-29,7.52e-05,8.6e-05,7.49e-05,8.33e-05,667886.82,1643500799999000000,54.14248007,8290,340331.33,27.5594988
2022-01-30,8.37e-05,9.92e-05,7.82e-05,8.16e-05,700232.6,1643587199999000000,61.61495441,8464,335051.05,29.56441492
2022-01-31,8.14e-05,9.64e-05,7.75e-05,9.07e-05,759074.35,1643673599999000000,66.19576699,9524,418996.43,36.38047993
2022-02-01,9.09e-05,0.0001043,8.95e-05,9.68e-05,597597.35,1643759999999000000,57.74902417,10162,318039.35,30.81305385
2022-02-02,9.68e-05,0.0001133,8.82e-05,8.83e-05,891279.26,1643846399999000000,87.83587979,12311,425854.25,42.24964342
2022-02-03,8.87e-05,9.43e-05,8.62e-05,9.03e-05,864435.71,1643932799999000000,77.75281904,6973,413659.13,37.3478292
2022-02-04,9e-05,9.18e-05,8.61e-05,8.69e-05,713184.85,1644019199999000000,63.33413674,9060,342627.46,30.49954644
2022-02-05,8.68e-05,9.62e-05,8.47e-05,8.95e-05,673838.8,1644105599999000000,61.30298115,9370,322239.08,29.44657818
2022-02-06,8.99e-05,9.26e-05,8.24e-05,8.43e-05,400066.36,1644191999999000000,35.23644264,6312,174690.28,15.44541988
2022-02-07,8.44e-05,9e-05,8.2e-05,8.31e-05,485010.37,1644278399999000000,41.46731751,7500,215717.0,18.51930578
2022-02-08,8.31e-05,8.38e-05,7.46e-05,7.69e-05,417394.17,1644364799999000000,32.5433786,5944,177815.28,13.90109946
2022-02-09,7.72e-05,7.9e-05,7.42e-05,7.51e-05,455928.39,1644451199999000000,34.6950324,3958,176325.37,13.42450085
2022-02-10,7.51e-05,7.62e-05,6.94e-05,7.06e-05,574393.67,1644537599999000000,41.81796774,4957,261742.75,19.17781337
2022-02-11,7.08e-05,7.22e-05,6.15e-05,6.33e-05,531816.11,1644623999999000000,36.08060833,3733,236609.24,16.154127
2022-02-12,6.34e-05,6.49e-05,6.03e-05,6.38e-05,509742.78,1644710399999000000,32.02651926,3158,268599.3,16.92302741
2022-02-13,6.39e-05,7.01e-05,6.07e-05,6.1e-05,666064.9,1644796799999000000,43.87824887,3865,299736.39,19.84966701
2022-02-14,6.12e-05,6.79e-05,6.07e-05,6.66e-05,402384.68,1644883199999000000,25.92942304,3791,184666.1,11.89135211
2022-02-15,6.67e-05,7.34e-05,6.67e-05,7.3e-05,554082.13,1644969599999000000,38.99525055,4454,243586.96,17.13898873
2022-02-16,7.31e-05,8.74e-05,6.88e-05,7.32e-05,952968.69,1645055999999000000,72.11197338,7982,483036.81,36.66114662
2022-02-17,7.28e-05,7.58e-05,6.79e-05,6.9e-05,366906.43,1645142399999000000,26.06614296,4589,151557.39,10.8262818
2022-02-18,6.88e-05,7.32e-05,6.72e-05,6.75e-05,403506.57,1645228799999000000,28.19878296,4905,257839.23,18.05994991
2022-02-19,6.74e-05,6.91e-05,6.39e-05,6.51e-05,322708.4,1645315199999000000,21.56605069,4996,223050.06,14.97538136
2022-02-20,6.53e-05,6.54e-05,6.04e-05,6.42e-05,328204.09,1645401599999000000,20.70588837,3088,176549.65,11.20686074
2022-02-21,6.42e-05,7.35e-05,6.26e-05,6.37e-05,889862.04,1645487999999000000,60.60423733,8816,532293.04,36.30402708
2022-02-22,6.4e-05,6.59e-05,6.04e-05,6.44e-05,462551.28,1645574399999000000,29.21969527,6027,229373.78,14.51109793
2022-02-23,6.44e-05,6.92e-05,6.31e-05,6.31e-05,472968.76,1645660799999000000,31.29927825,6043,220394.73,14.65239111
2022-02-24,6.31e-05,6.45e-05,5.79e-05,6.1e-05,879813.28,1645747199999000000,54.05884559,7138,403772.09,24.82479045
2022-02-25,6.13e-05,6.6e-05,6.03e-05,6.6e-05,446550.51,1645833599999000000,27.77822738,6505,237367.19,14.84197892
2022-02-26,6.59e-05,6.89e-05,6.25e-05,6.29e-05,277479.0,1645919999999000000,18.24396921,3832,123076.45,8.11706038
2022-02-27,6.29e-05,6.6e-05,6.06e-05,6.3e-05,440407.03,1646006399999000000,27.82011687,5302,244510.18,15.51882602
2022-02-28,6.32e-05,6.49e-05,5.92e-05,6.19e-05,443162.87,1646092799999000000,27.65489928,3492,137309.42,8.604138
2022-03-01,6.2e-05,6.76e-05,5.88e-05,6.71e-05,608401.72,1646179199999000000,38.60371987,8259,311680.56,19.83108376
2022-03-02,6.71e-05,7.54e-05,6.54e-05,6.58e-05,933276.79,1646265599999000000,65.30706191,12600,482476.2,33.86876709
2022-03-03,6.58e-05,6.75e-05,6.37e-05,6.5e-05,459453.29,1646351999999000000,29.96162138,5349,228209.63,14.93004257
2022-03-04,6.48e-05,6.53e-05,6.2e-05,6.39e-05,443057.63,1646438399999000000,28.12418742,3724,205958.15,13.08605138
2022-03-05,6.4e-05,6.83e-05,6.35e-05,6.65e-05,244360.07,1646524799999000000,16.19279762,5201,128632.02,8.51391682
2022-03-06,6.65e-05,6.68e-05,6.44e-05,6.6e-05,207397.87,1646611199999000000,13.55154702,2893,101920.37,6.67420548
2022-03-07,6.59e-05,6.66e-05,6.42e-05,6.53e-05,316502.25,1646697599999000000,20.69993805,5834,150076.49,9.8560171
2022-03-08,6.55e-05,6.55e-05,6.37e-05,6.46e-05,176408.92,1646783999999000000,11.37749765,2341,75807.24,4.90126503
2022-03-09,6.48e-05,6.55e-05,6.26e-05,6.3e-05,284426.14,1646870399999000000,18.20716027,5788,133466.98,8.56575288
2022-03-10,6.32e-05,6.5e-05,6.2e-05,6.36e-05,155016.98,1646956799999000000,9.90677548,4348,91509.4,5.86973142
2022-03-11,6.36e-05,6.45e-05,6.13e-05,6.16e-05,171076.12,1647043199999000000,10.79878594,4803,46760.0,2.95377502
2022-03-12,6.16e-05,6.17e-05,6.02e-05,6.07e-05,158650.18,1647129599999000000,9.66472704,3647,99598.45,6.07043079
2022-03-13,6.08e-05,6.14e-05,5.92e-05,6e-05,291504.81,1647215999999000000,17.51205039,1980,189660.18,11.38782546
2022-03-14,5.97e-05,6e-05,5.77e-05,5.85e-05,99926.11,1647302399999000000,5.86288838,1207,52649.26,3.08932653
2022-03-15,5.86e-05,5.98e-05,5.85e-05,5.93e-05,118635.35,1647388799999000000,7.02415533,1102,76936.42,4.56412421
2022-03-16,5.93e-05,6.15e-05,5.7e-05,6.08e-05,430445.19,1647475199999000000,25.23034089,3169,299659.21,17.54125869
2022-03-17,6.08e-05,6.28e-05,5.9e-05,5.91e-05,119955.04,1647561599999000000,7.31018583,1730,52236.47,3.19709064
2022-03-18,5.93e-05,6.17e-05,5.81e-05,6.12e-05,276559.17,1647647999999000000,16.5785478,3992,138480.63,8.30680135
2022-03-19,6.12e-05,7.4e-05,6.08e-05,6.43e-05,532606.19,1647734399999000000,35.28918538,5653,299100.81,19.85525208
2022-03-20,6.41e-05,6.61e-05,6.13e-05,6.32e-05,151977.91,1647820799999000000,9.62953465,2472,71444.11,4.53941573
2022-03-21,6.33e-05,6.84e-05,6.25e-05,6.48e-05,198537.91,1647907199999000000,12.91164871,2671,119729.86,7.81462564
2022-03-22,6.49e-05,6.78e-05,6.33e-05,6.64e-05,268807.24,1647993599999000000,17.65916351,3134,134410.12,8.85359738
2022-03-23,6.65e-05,6.76e-05,6.45e-05,6.55e-05,195879.28,1648079999999000000,12.90982909,1957,78571.86,5.20104375
2022-03-24,6.56e-05,6.86e-05,6.37e-05,6.46e-05,186693.99,1648166399999000000,12.2650204,2705,69625.3,4.59596974
2022-03-25,6.47e-05,6.49e-05,6.17e-05,6.2e-05,159439.8,1648252799999000000,10.12387502,2099,63239.18,4.01863098
2022-03-26,6.2e-05,6.2e-05,5.97e-05,6.08e-05,182025.19,1648339199999000000,11.03258651,1838,58590.31,3.55193872
2022-03-27,6.09e-05,6.11e-05,5.66e-05,5.98e-05,229483.23,1648425599999000000,13.59666723,2663,84379.47,5.01383137
2022-03-28,5.97e-05,6.58e-05,5.88e-05,6.23e-05,347052.97,1648511999999000000,21.81456919,3535,189331.86,11.92274818
2022-03-29,6.24e-05,6.59e-05,6.04e-05,6.17e-05,227215.45,1648598399999000000,14.23036548,2508,111180.64,6.98730902
2022-03-30,6.2e-05,6.49e-05,6.08e-05,6.38e-05,159593.0,1648684799999000000,10.0305974,2281,100417.15,6.33180969
2022-03-31,6.39e-05,6.91e-05,6.34e-05,6.43e-05,360928.75,1648771199999000000,23.82381338,3801,162887.44,10.77501449
2022-04-01,6.44e-05,6.69e-05,6.34e-05,6.38e-05,241370.85,1648857599999000000,15.71603967,2857,115516.04,7.54486986
2022-04-02,6.39e-05,6.98e-05,6.37e-05,6.66e-05,304413.42,1648943999999000000,20.46899443,4158,170636.58,11.49176225
2022-04-03,6.66e-05,6.81e-05,6.5e-05,6.59e-05,154245.76,1649030399999000000,10.26778998,2506,72143.53,4.8249559
2022-04-04,6.59e-05,6.6e-05,6.03e-05,6.24e-05,237136.22,1649116799999000000,14.97461121,2984,93342.43,5.90568671
2022-04-05,6.24e-05,6.37e-05,6.02e-05,6.16e-05,244917.69,1649203199999000000,15.23725954,3022,101679.56,6.34524701
2022-04-06,6.17e-05,6.18e-05,5.72e-05,5.78e-05,323633.98,1649289599999000000,19.25570802,3169,110153.6,6.57416364
2022-04-07,5.78e-05,6.07e-05,5.75e-05,5.96e-05,175944.92,1649375999999000000,10.4110049,2260,77029.44,4.56390175
2022-04-08,5.95e-05,5.99e-05,5.61e-05,5.77e-05,168059.31,1649462399999000000,9.73670173,2628,79551.93,4.62148403
2022-04-09,5.77e-05,5.9e-05,5.66e-05,5.88e-05,54155.55,1649548799999000000,3.12991169,1408,26489.65,1.5350402
2022-04-10,5.88e-05,5.97e-05,5.76e-05,5.84e-05,50773.43,1649635199999000000,2.97410565,923,25092.86,1.4729465
2022-04-11,5.85e-05,5.85e-05,5.06e-05,5.25e-05,293597.37,1649721599999000000,15.74018675,2582,110567.69,5.93439608
2022-04-12,5.25e-05,5.33e-05,5.02e-05,5.12e-05,450758.04,1649807999999000000,23.30793617,3338,213975.24,11.06034188
2022-04-13,5.11e-05,5.2e-05,5.03e-05,5.12e-05,170514.1,1649894399999000000,8.71786237,1636,87017.39,4.45369373
2022-04-14,5.12e-05,5.14e-05,4.91e-05,5.04e-05,258576.71,1649980799999000000,12.95722792,1760,118726.08,5.96479808
2022-04-15,5.04e-05,5.1e-05,4.99e-05,5.02e-05,76110.02,1650067199999000000,3.84183251,854,38606.54,1.95048202
2022-04-16,5.03e-05,5.05e-05,4.95e-05,4.97e-05,73432.89,1650153599999000000,3.66442571,473,36648.87,1.82751103
2022-04-17,4.98e-05,5.1e-05,4.89e-05,5.04e-05,95564.63,1650239999999000000,4.76959443,662,39627.54,1.98274303
2022-04-18,5.03e-05,5.18e-05,4.76e-05,4.92e-05,272443.01,1650326399999000000,13.45975857,2576,126439.82,6.25548868
2022-04-19,4.93e-05,5.33e-05,4.91e-05,5.15e-05,304221.09,1650412799999000000,15.53338985,2943,142226.75,7.28896238
2022-04-20,5.15e-05,5.28e-05,4.95e-05,4.97e-05,229910.39,1650499199999000000,11.72819001,2139,98253.36,5.02947751
2022-04-21,4.95e-05,5.03e-05,4.72e-05,4.73e-05,131703.63,1650585599999000000,6.44428622,1822,59456.05,2.92367215
2022-04-22,4.73e-05,4.92e-05,4.63e-05,4.86e-05,144169.28,1650671999999000000,6.87398968,1539,72323.02,3.457423
2022-04-23,4.87e-05,4.87e-05,4.69e-05,4.72e-05,100923.74,1650758399999000000,4.7968733,1124,41686.88,1.98362548
2022-04-24,4.74e-05,4.74e-05,4.49e-05,4.5e-05,103026.62,1650844799999000000,4.7392415,942,39115.28,1.80266978
2022-04-25,4.51e-05,4.59e-05,4.1e-05,4.29e-05,289467.78,1650931199999000000,12.31509681,2332,147000.41,6.25873016
2022-04-26,4.28e-05,4.31e-05,3.79e-05,3.94e-05,284099.44,1651017599999000000,11.35673907,2797,132151.36,5.32670693
2022-04-27,3.93e-05,4.05e-05,3.7e-05,3.79e-05,184764.79,1651103999999000000,7.14888236,1968,79306.47,3.07604395
2022-04-28,3.78e-05,4.08e-05,3.77e-05,3.94e-05,260866.75,1651190399999000000,10.19106483,2645,131170.87,5.12300958
2022-04-29,3.92e-05,4.01e-05,3.55e-05,3.6e-05,225065.2,1651276799999000000,8.46133742,2182,101685.23,3.83485658
2022-04-30,3.61e-05,3.67e-05,3.18e-05,3.23e-05,278220.83,1651363199999000000,9.56927688,1970,117769.28,4.02741916
2022-05-01,3.23e-05,4.72e-05,3.23e-05,4.16e-05,1852218.99,1651449599999000000,76.89550345,13240,970810.83,40.38513199
2022-05-02,4.16e-05,4.95e-05,3.91e-05,4.42e-05,1143920.32,1651535999999000000,49.31828501,8643,557928.85,24.23808743
2022-05-03,4.42e-05,4.59e-05,3.93e-05,3.96e-05,467699.47,1651622399999000000,19.97671832,3376,170641.88,7.32044407
2022-05-04,3.96e-05,4.58e-05,3.87e-05,4.4e-05,499005.98,1651708799999000000,21.01334975,4524,255891.53,10.75691366
2022-05-05,4.39e-05,4.79e-05,4.07e-05,4.4e-05,456596.76,1651795199999000000,19.96880891,3928,227544.77,9.96929542
2022-05-06,4.41e-05,4.43e-05,4.13e-05,4.19e-05,266847.29,1651881599999000000,11.3288197,2163,105659.52,4.5024773
2022-05-07,4.19e-05,4.19e-05,3.72e-05,3.79e-05,278902.54,1651967999999000000,11.10724342,1774,111725.88,4.45287654
2022-05-08,3.78e-05,3.92e-05,3.72e-05,3.81e-05,174129.41,1652054399999000000,6.65053459,1257,73251.91,2.81072115
2022-05-09,3.81e-05,3.86e-05,3.49e-05,3.73e-05,369958.91,1652140799999000000,13.6336635,2728,168769.47,6.22994043
2022-05-10,3.7e-05,4e-05,3.54e-05,3.77e-05,567968.82,1652227199999000000,21.33946057,4310,258970.54,9.76662193
2022-05-11,3.75e-05,3.81e-05,2.5e-05,2.78e-05,1179464.52,1652313599999000000,34.43114517,5092,506973.03,14.67601521
2022-05-12,2.8e-05,2.91e-05,2.26e-05,2.71e-05,900124.24,1652399999999000000,22.79826797,4259,381050.14,9.77517472
2022-05-13,2.72e-05,3.53e-05,2.71e-05,2.94e-05,531465.9,1652486399999000000,16.49454689,2993,249416.78,7.75003681
2022-05-14,2.93e-05,3.05e-05,2.61e-05,2.87e-05,275849.37,1652572799999000000,7.73186364,2105,123151.95,3.45438259
2022-05-15,2.87e-05,3.08e-05,2.66e-05,3.03e-05,289756.69,1652659199999000000,8.25039207,1931,135838.65,3.89772791
2022-05-16,3.01e-05,3.69e-05,2.83e-05,3.22e-05,561754.51,1652745599999000000,18.03039421,4019,284393.87,9.16906017
2022-05-17,3.23e-05,3.64e-05,3.06e-05,3.23e-05,511890.57,1652831999999000000,17.0039752,4346,240216.64,7.98138911
2022-05-18,3.22e-05,3.27e-05,2.86e-05,2.87e-05,388751.04,1652918399999000000,11.74755583,3879,181150.78,5.48800603
2022-05-19,2.88e-05,3.12e-05,2.83e-05,3.06e-05,237389.27,1653004799999000000,7.0245951,3277,136179.8,4.04603199
2022-05-20,3.05e-05,3.11e-05,2.96e-05,3e-05,237086.04,1653091199999000000,7.16457163,2341,103192.09,3.13139667
2022-05-21,2.99e-05,3.15e-05,2.95e-05,3.05e-05,93719.55,1653177599999000000,2.84852181,935,47485.95,1.45107523
2022-05-22,3.05e-05,3.13e-05,2.91e-05,2.97e-05,153013.7,1653263999999000000,4.60744491,1811,62467.36,1.88366451
2022-05-23,2.95e-05,3.14e-05,2.91e-05,2.95e-05,237926.43,1653350399999000000,7.19402429,2302,101437.08,3.07462425
2022-05-24,2.95e-05,3.09e-05,2.88e-05,3.09e-05,171376.77,1653436799999000000,5.10411136,2551,104791.51,3.13546901
2022-05-25,3.09e-05,3.11e-05,2.92e-05,2.93e-05,128333.05,1653523199999000000,3.84955975,2230,53571.39,1.60990495
2022-05-26,2.94e-05,2.96e-05,2.53e-05,2.55e-05,262241.1,1653609599999000000,7.2214639,3031,100917.38,2.7901407
2022-05-27,2.55e-05,2.62e-05,2.38e-05,2.42e-05,270136.64,1653695999999000000,6.70761834,1904,104987.2,2.62019776
2022-05-28,2.44e-05,2.51e-05,2.4e-05,2.46e-05,156895.23,1653782399999000000,3.88620367,984,76935.14,1.90322671
2022-05-29,2.45e-05,2.48e-05,2.35e-05,2.43e-05,120333.75,1653868799999000000,2.90554654,647,55818.39,1.34981143
2022-05-30,2.42e-05,2.81e-05,2.42e-05,2.64e-05,455757.02,1653955199999000000,11.85050999,2430,243007.51,6.33441862
2022-05-31,2.64e-05,2.89e-05,2.5e-05,2.68e-05,758251.3,1654041599999000000,20.68225441,3616,381847.77,10.43921748
2022-06-01,2.68e-05,2.7e-05,2.45e-05,2.5e-05,421848.43,1654127999999000000,10.96541541,1471,162018.91,4.21958944
2022-06-02,2.5e-05,2.53e-05,2.43e-05,2.53e-05,93066.41,1654214399999000000,2.31010944,550,51614.33,1.28412298
2022-06-03,2.53e-05,2.53e-05,2.37e-05,2.4e-05,147117.14,1654300799999000000,3.60260475,646,69918.96,1.71815625
2022-06-04,2.42e-05,2.45e-05,2.34e-05,2.42e-05,53214.37,1654387199999000000,1.27986482,378,28795.26,0.69567786
2022-06-05,2.43e-05,2.43e-05,2.29e-05,2.4e-05,117630.76,1654473599999000000,2.77862018,456,45046.37,1.06659179
2022-06-06,2.39e-05,2.57e-05,2.18e-05,2.26e-05,276265.16,1654559999999000000,6.41106005,1084,148648.36,3.45535164
2022-06-07,2.25e-05,2.39e-05,2.19e-05,2.27e-05,268265.94,1654646399999000000,6.11525533,1021,137462.1,3.14456993
2022-06-08,2.26e-05,2.33e-05,2.25e-05,2.27e-05,104245.6,1654732799999000000,2.38440343,488,35160.01,0.80492221
2022-06-09,2.26e-05,2.34e-05,2.22e-05,2.3e-05,115749.28,1654819199999000000,2.65178105,504,60102.41,1.38211707
2022-06-10,2.31e-05,2.36e-05,2.09e-05,2.12e-05,282858.55,1654905599999000000,6.21101142,1104,124428.68,2.75173244
2022-06-11,2.13e-05,2.16e-05,1.94e-05,1.98e-05,208052.29,1654991999999000000,4.19827727,1067,100108.67,2.02264591
2022-06-12,1.97e-05,2.05e-05,1.82e-05,1.91e-05,416865.4,1655078399999000000,8.04011174,1634,192752.27,3.73737311
2022-06-13,1.91e-05,2.09e-05,1.48e-05,1.79e-05,1706111.46,1655164799999000000,29.09409386,5264,804566.56,13.87895182
2022-06-14,1.78e-05,1.98e-05,1.66e-05,1.74e-05,542090.62,1655251199999000000,9.67513668,1952,233615.27,4.18623147
2022-06-15,1.74e-05,1.9e-05,1.6e-05,1.81e-05,794684.99,1655337599999000000,13.83591603,2649,395766.69,6.90652916
2022-06-16,1.83e-05,1.84e-05,1.63e-05,1.66e-05,697336.73,1655423999999000000,11.91729875,1831,293354.98,5.04365747
2022-06-17,1.66e-05,1.77e-05,1.63e-05,1.71e-05,263150.82,1655510399999000000,4.47088908,1014,138006.62,2.36060168
2022-06-18,1.69e-05,1.76e-05,1.54e-05,1.71e-05,704226.3,1655596799999000000,11.50676191,1945,375816.97,6.18592068
2022-06-19,1.71e-05,2.88e-05,1.63e-05,2.1e-05,3603932.81,1655683199999000000,77.60939676,13985,1809201.82,38.69234743
2022-06-20,2.09e-05,2.63e-05,2.06e-05,2.11e-05,4510636.85,1655769599999000000,105.92678158,15128,2102825.93,49.4897493
2022-06-21,2.11e-05,2.39e-05,2.04e-05,2.11e-05,1407219.56,1655855999999000000,31.05890552,4689,627450.29,13.88326284
2022-06-22,2.12e-05,2.75e-05,2.05e-05,2.47e-05,1783914.73,1655942399999000000,42.99783824,7099,880723.21,21.32859354
2022-06-23,2.47e-05,3e-05,2.45e-05,2.63e-05,2237310.3,1656028799999000000,61.23924645,8553,1084947.61,29.83244572
2022-06-24,2.63e-05,2.95e-05,2.47e-05,2.63e-05,2308214.11,1656115199999000000,63.05954046,5543,1084812.78,29.77259749
2022-06-25,2.62e-05,2.69e-05,2.14e-05,2.52e-05,1513780.03,1656201599999000000,38.27646956,3729,617832.17,15.74369223
2022-06-26,2.52e-05,2.58e-05,2.27e-05,2.28e-05,780265.47,1656287999999000000,19.20797133,2611,348998.19,8.62530064
2022-06-27,2.3e-05,2.55e-05,2.29e-05,2.33e-05,1016061.12,1656374399999000000,24.34859507,3040,479075.55,11.54255247
2022-06-28,2.34e-05,3.36e-05,2.34e-05,2.99e-05,3899864.92,1656460799999000000,111.57121974,15835,2157320.05,61.27212992
2022-06-29,2.99e-05,3.17e-05,2.71e-05,2.9e-05,1640002.02,1656547199999000000,48.14010883,5716,759771.42,22.3746404
2022-06-30,2.91e-05,2.91e-05,2.57e-05,2.66e-05,787251.54,1656633599999000000,21.04874196,2688,363560.63,9.72330745
2022-07-01,2.65e-05,2.71e-05,2.49e-05,2.53e-05,677273.6,1656719999999000000,17.56962135,1772,279968.22,7.26042014
2022-07-02,2.54e-05,3e-05,2.39e-05,2.66e-05,1295612.94,1656806399999000000,34.04620821,4416,674401.22,17.84138033
2022-07-03,2.67e-05,2.76e-05,2.57e-05,2.65e-05,1055791.51,1656892799999000000,27.95367113,3006,450775.07,11.96956144
2022-07-04,2.64e-05,2.7e-05,2.55e-05,2.62e-05,527899.33,1656979199999000000,13.85706407,1012,248464.72,6.54370931
2022-07-05,2.6e-05,2.6e-05,2.45e-05,2.49e-05,413758.39,1657065599999000000,10.441037,1088,204999.9,5.17353494
2022-07-06,2.49e-05,2.59e-05,2.47e-05,2.5e-05,248606.2,1657151999999000000,6.2991755,660,96619.1,2.45176906
2022-07-07,2.5e-05,2.85e-05,2.49e-05,2.56e-05,696319.11,1657238399999000000,18.35585078,3296,365398.19,9.69269677
2022-07-08,2.55e-05,2.59e-05,2.37e-05,2.39e-05,472034.99,1657324799999000000,11.54040731,1614,198939.55,4.8551599
2022-07-09,2.39e-05,2.46e-05,2.37e-05,2.42e-05,240602.3,1657411199999000000,5.81462635,718,108608.31,2.63382097
2022-07-10,2.41e-05,2.5e-05,2.32e-05,2.39e-05,360674.23,1657497599999000000,8.63813971,1045,197107.33,4.73080944
2022-07-11,2.42e-05,2.6e-05,2.36e-05,2.5e-05,443434.52,1657583999999000000,11.03481492,1969,263644.91,6.56315545
2022-07-12,2.47e-05,2.53e-05,2.39e-05,2.4e-05,232261.26,1657670399999000000,5.69325465,715,92458.81,2.2688706
2022-07-13,2.41e-05,2.48e-05,2.27e-05,2.47e-05,240331.69,1657756799999000000,5.76299319,1011,122292.99,2.94706206
2022-07-14,2.45e-05,2.47e-05,2.36e-05,2.46e-05,309433.85,1657843199999000000,7.46167473,1031,141836.48,3.43571317
2022-07-15,2.45e-05,2.62e-05,2.4e-05,2.5e-05,353793.64,1657929599999000000,8.77733715,1335,197636.65,4.92593513
2022-07-16,2.51e-05,2.56e-05,2.43e-05,2.49e-05,218221.93,1658015999999000000,5.42014758,750,88352.29,2.20509357
2022-07-17,2.49e-05,2.56e-05,2.43e-05,2.48e-05,238665.42,1658102399999000000,5.94414634,1624,112276.93,2.81023165
2022-07-18,2.48e-05,2.69e-05,2.48e-05,2.61e-05,400211.79,1658188799999000000,10.30605337,1697,199607.94,5.1566431
2022-07-19,2.6e-05,2.97e-05,2.55e-05,2.65e-05,836751.56,1658275199999000000,23.0995429,3939,470471.36,13.07034009
2022-07-20,2.65e-05,2.69e-05,2.39e-05,2.41e-05,720504.26,1658361599999000000,18.4804823,3116,304333.83,7.80736123
2022-07-21,2.4e-05,2.54e-05,2.37e-05,2.45e-05,114813.1,1658447999999000000,2.79667566,923,55931.2,1.36646761
2022-07-22,2.45e-05,2.59e-05,2.4e-05,2.42e-05,259974.35,1658534399999000000,6.4712245,2476,129035.4,3.245382
2022-07-23,2.41e-05,2.63e-05,2.39e-05,2.51e-05,716427.9,1658620799999000000,18.12267625,2630,288140.02,7.28991615
2022-07-24,2.51e-05,2.9e-05,2.49e-05,2.67e-05,1722615.58,1658707199999000000,46.69946361,9923,965796.97,26.28423709
2022-07-25,2.68e-05,2.77e-05,2.57e-05,2.58e-05,286593.17,1658793599999000000,7.62005279,2413,123241.25,3.30129049
2022-07-26,2.59e-05,2.62e-05,2.44e-05,2.54e-05,212238.69,1658879999999000000,5.32911673,1812,62482.08,1.57048015
2022-07-27,2.54e-05,2.74e-05,2.49e-05,2.52e-05,518471.4,1658966399999000000,13.40672536,3865,237203.31,6.18797705
2022-07-28,2.52e-05,2.62e-05,2.48e-05,2.51e-05,403685.13,1659052799999000000,10.21587626,1819,145705.13,3.72023122
2022-07-29,2.52e-05,2.65e-05,2.44e-05,2.55e-05,575616.04,1659139199999000000,14.67962883,2311,258456.93,6.65704498
2022-07-30,2.54e-05,2.63e-05,2.51e-05,2.53e-05,335441.7,1659225599999000000,8.62068071,2021,164794.2,4.2449132
2022-07-31,2.54e-05,3.6e-05,2.53e-05,3.11e-05,2788563.34,1659311999999000000,87.2937574,15622,1567826.74,49.07616695
2022-08-01,3.12e-05,3.25e-05,2.85e-05,3.05e-05,716659.92,1659398399999000000,21.37381662,4000,361898.92,10.79852565
2022-08-02,3.03e-05,3.08e-05,2.77e-05,2.98e-05,301698.14,1659484799999000000,8.90133022,1951,102155.88,3.03269928
2022-08-03,2.99e-05,3.22e-05,2.91e-05,3.09e-05,296176.44,1659571199999000000,9.09492468,1992,142338.45,4.37075403
2022-08-04,3.1e-05,3.13e-05,2.96e-05,3.02e-05,191083.39,1659657599999000000,5.80492758,1508,78340.04,2.38937814
2022-08-05,3.02e-05,3.54e-05,2.99e-05,3.28e-05,385657.29,1659743999999000000,12.52413222,3446,180614.81,5.84877692
2022-08-06,3.3e-05,3.3e-05,3.14e-05,3.19e-05,93833.62,1659830399999000000,3.01891539,1509,39006.3,1.25346303
2022-08-07,3.18e-05,3.3e-05,3.11e-05,3.22e-05,89155.86,1659916799999000000,2.84883317,1157,50275.78,1.6133436
2022-08-08,3.21e-05,3.5e-05,3.15e-05,3.2e-05,219229.3,1660003199999000000,7.19201852,1699,110799.36,3.66468842
2022-08-09,3.2e-05,3.23e-05,3e-05,3.05e-05,222618.62,1660089599999000000,6.92338069,1257,80078.18,2.4873205
2022-08-10,3.05e-05,3.28e-05,2.95e-05,3.02e-05,284394.64,1660175999999000000,8.81270832,2388,140427.8,4.3852937
2022-08-11,3.05e-05,3.08e-05,2.89e-05,2.94e-05,217698.43,1660262399999000000,6.52277259,1189,74759.17,2.24555379
2022-08-12,2.96e-05,3.04e-05,2.91e-05,2.98e-05,97270.87,1660348799999000000,2.90786741,881,33271.13,0.99335868
2022-08-13,2.98e-05,3.27e-05,2.95e-05,3.23e-05,366153.71,1660435199999000000,11.370171,2571,225890.77,7.03995762
2022-08-14,3.23e-05,3.26e-05,2.97e-05,2.98e-05,415541.05,1660521599999000000,12.73932793,2680,97989.46,3.04517761
2022-08-15,2.97e-05,3e-05,2.85e-05,2.85e-05,140995.36,1660607999999000000,4.09573919,1599,53218.12,1.54980147
2022-08-16,2.86e-05,2.91e-05,2.75e-05,2.8e-05,78389.34,1660694399999000000,2.22978956,792,27844.87,0.79424424
2022-08-17,2.8e-05,2.92e-05,2.66e-05,2.75e-05,195438.81,1660780799999000000,5.42451145,1268,98610.22,2.73652274
2022-08-18,2.76e-05,2.8e-05,2.6e-05,2.64e-05,132335.28,1660867199999000000,3.60461931,710,36999.2,1.01343505
2022-08-19,2.63e-05,2.71e-05,2.5e-05,2.65e-05,271146.37,1660953599999000000,7.083123,4714,85765.38,2.22283982
2022-08-20,2.66e-05,2.68e-05,2.54e-05,2.57e-05,158347.63,1661039999999000000,4.15885115,2265,82733.45,2.1828161
2022-08-21,2.58e-05,3.25e-05,2.56e-05,2.83e-05,1341608.16,1661126399999000000,39.9836399,9493,802804.81,23.99702728
2022-08-22,2.83e-05,3.01e-05,2.79e-05,2.86e-05,331013.9,1661212799999000000,9.49839266,1765,156503.14,4.50339576
2022-08-23,2.85e-05,2.87e-05,2.77e-05,2.81e-05,126616.12,1661299199999000000,3.56919784,662,59524.43,1.6778115
2022-08-24,2.81e-05,2.82e-05,2.65e-05,2.72e-05,227224.88,1661385599999000000,6.22868875,1101,78591.61,2.16178987
2022-08-25,2.72e-05,2.77e-05,2.65e-05,2.67e-05,170010.78,1661471999999000000,4.60625183,1296,36410.72,0.98917065
2022-08-26,2.67e-05,2.69e-05,2.47e-05,2.55e-05,472466.91,1661558399999000000,12.15905504,2063,168656.3,4.32192978
2022-08-27,2.54e-05,2.89e-05,2.48e-05,2.58e-05,603564.23,1661644799999000000,15.89479013,2645,275822.65,7.37261953
2022-08-28,2.57e-05,2.86e-05,2.55e-05,2.59e-05,639294.8,1661731199999000000,17.12081683,2840,349598.56,9.44069455
2022-08-29,2.61e-05,2.81e-05,2.57e-05,2.69e-05,468923.87,1661817599999000000,12.42834417,3609,199997.76,5.30250615
2022-08-30,2.67e-05,2.73e-05,2.57e-05,2.65e-05,272039.01,1661903999999000000,7.15603395,1071,172782.92,4.55262939
2022-08-31,2.64e-05,2.67e-05,2.56e-05,2.57e-05,249435.85,1661990399999000000,6.52167129,994,83983.18,2.20422569
2022-09-01,2.57e-05,2.61e-05,2.53e-05,2.6e-05,146160.92,1662076799999000000,3.74346864,1704,95633.75,2.45084213
2022-09-02,2.61e-05,2.67e-05,2.53e-05,2.61e-05,206486.83,1662163199999000000,5.37916833,2460,85007.53,2.22830676
2022-09-03,2.6e-05,2.62e-05,2.53e-05,2.57e-05,106653.45,1662249599999000000,2.74680299,1273,29504.92,0.7638792
2022-09-04,2.57e-05,2.62e-05,2.53e-05,2.58e-05,133581.3,1662335999999000000,3.43382805,504,75073.17,1.94068457
2022-09-05,2.59e-05,2.61e-05,2.41e-05,2.53e-05,302653.31,1662422399999000000,7.5808858,2632,139046.42,3.46971354
2022-09-06,2.53e-05,2.55e-05,2.47e-05,2.5e-05,167929.04,1662508799999000000,4.23357739,991,72074.91,1.81916324
2022-09-07,2.5e-05,2.76e-05,2.47e-05,2.63e-05,447633.34,1662595199999000000,11.80509048,2117,281531.01,7.43655869
2022-09-08,2.64e-05,3.95e-05,2.56e-05,2.84e-05,2492644.58,1662681599999000000,74.18204337,13390,1211175.47,36.24637328
2022-09-09,2.85e-05,2.95e-05,2.54e-05,2.64e-05,534975.63,1662767999999000000,14.39140302,3893,191293.53,5.10447137
2022-09-10,2.64e-05,3.02e-05,2.63e-05,2.69e-05,1021944.83,1662854399999000000,28.25821298,5765,457434.26,12.79683299
2022-09-11,2.69e-05,2.81e-05,2.55e-05,2.6e-05,531949.83,1662940799999000000,14.14393749,2142,326367.84,8.6634649
2022-09-12,2.58e-05,2.68e-05,2.49e-05,2.54e-05,430193.19,1663027199999000000,10.9933271,2454,208005.05,5.32919979
2022-09-13,2.54e-05,2.58e-05,2.36e-05,2.53e-05,1102942.59,1663113599999000000,27.56201914,3218,517402.95,12.98794481
2022-09-14,2.51e-05,2.62e-05,2.49e-05,2.55e-05,506397.62,1663199999999000000,12.97962826,1554,299697.36,7.69588761
2022-09-15,2.54e-05,2.59e-05,2.44e-05,2.54e-05,307408.3,1663286399999000000,7.74703735,1482,150683.7,3.81269452
2022-09-16,2.54e-05,2.54e-05,2.11e-05,2.35e-05,1929904.4,1663372799999000000,43.15401439,5923,907826.24,20.32051075
2022-09-17,2.34e-05,2.64e-05,2.29e-05,2.4e-05,813535.08,1663459199999000000,19.76891275,3176,447608.84,10.96080767
2022-09-18,2.41e-05,2.42e-05,2.22e-05,2.25e-05,337511.41,1663545599999000000,7.83051666,1236,124771.25,2.88543779
2022-09-19,2.25e-05,2.51e-05,2.24e-05,2.29e-05,781999.58,1663631999999000000,18.55275615,2751,449818.15,10.6855158
2022-09-20,2.31e-05,2.66e-05,2.28e-05,2.43e-05,944900.78,1663718399999000000,23.46419022,3250,486559.03,12.10703532
2022-09-21,2.44e-05,2.54e-05,2.37e-05,2.48e-05,498746.6,1663804799999000000,12.31620741,2003,209245.78,5.16986811
2022-09-22,2.49e-05,2.53e-05,2.41e-05,2.44e-05,113869.91,1663891199999000000,2.8199933,1239,56408.54,1.40792524
2022-09-23,2.45e-05,2.6e-05,2.44e-05,2.48e-05,258297.3,1663977599999000000,6.48282691,1519,123961.12,3.10898507
2022-09-24,2.49e-05,2.53e-05,2.42e-05,2.42e-05,123804.81,1664063999999000000,3.07760269,1274,50340.67,1.25573394
2022-09-25,2.42e-05,2.51e-05,2.42e-05,2.46e-05,149554.72,1664150399999000000,3.69698241,517,62561.0,1.54981377
2022-09-26,2.45e-05,2.64e-05,2.44e-05,2.52e-05,253392.4,1664236799999000000,6.43636476,1892,136722.98,3.47203051
2022-09-27,2.53e-05,2.55e-05,2.43e-05,2.5e-05,197284.93,1664323199999000000,4.87828946,1245,85051.97,2.11856982
2022-09-28,2.51e-05,2.52e-05,2.38e-05,2.44e-05,163645.2,1664409599999000000,4.00906153,826,62349.98,1.53247662
2022-09-29,2.44e-05,2.45e-05,2.38e-05,2.39e-05,110290.75,1664495999999000000,2.66718404,544,33883.91,0.81922616
2022-09-30,2.4e-05,2.41e-05,2.33e-05,2.37e-05,130626.43,1664582399999000000,3.10236164,1066,42167.86,1.00219515
2022-10-01,2.38e-05,2.41e-05,2.36e-05,2.39e-05,38626.33,1664668799999000000,0.92011046,297,12871.97,0.30675823
2022-10-02,2.38e-05,2.43e-05,2.35e-05,2.37e-05,112127.8,1664755199999000000,2.68553983,1163,35873.5,0.85782254
2022-10-03,2.38e-05,2.38e-05,2.31e-05,2.33e-05,92416.51,1664841599999000000,2.15917037,469,47285.27,1.10686637
2022-10-04,2.33e-05,2.95e-05,2.3e-05,2.54e-05,2717482.44,1664927999999000000,72.51503151,12948,1361585.63,36.43997133
2022-10-05,2.53e-05,2.67e-05,2.42e-05,2.44e-05,815475.59,1665014399999000000,20.67978527,4175,407599.16,10.38965929
2022-10-06,2.45e-05,2.47e-05,2.37e-05,2.39e-05,212516.66,1665100799999000000,5.14981726,1147,39325.61,0.95516476
2022-10-07,2.4e-05,2.41e-05,2.33e-05,2.4e-05,176419.11,1665187199999000000,4.19520757,655,63297.69,1.51730516
2022-10-08,2.4e-05,2.41e-05,2.31e-05,2.35e-05,134120.46,1665273599999000000,3.14939257,702,56428.24,1.32637656
2022-10-09,2.35e-05,2.51e-05,2.34e-05,2.39e-05,487534.65,1665359999999000000,11.78147508,2150,240160.17,5.82527762
2022-10-10,2.4e-05,2.41e-05,2.34e-05,2.35e-05,274389.13,1665446399999000000,6.52214166,603,109022.82,2.60466624
2022-10-11,2.35e-05,2.35e-05,2.21e-05,2.21e-05,417971.28,1665532799999000000,9.5008144,2202,223719.5,5.07172595
2022-10-12,2.22e-05,2.25e-05,2.16e-05,2.17e-05,229389.35,1665619199999000000,5.03805878,725,78422.84,1.7174016
2022-10-13,2.18e-05,2.18e-05,1.99e-05,2.12e-05,475368.08,1665705599999000000,9.93536812,1335,223306.49,4.65417306
2022-10-14,2.12e-05,2.19e-05,2.05e-05,2.09e-05,1071574.93,1665791999999000000,22.61395357,3627,566963.21,11.96878621
2022-10-15,2.09e-05,2.28e-05,2.03e-05,2.16e-05,876961.64,1665878399999000000,18.7639475,2224,389772.68,8.41688768
2022-10-16,2.17e-05,2.47e-05,2.16e-05,2.26e-05,1472964.78,1665964799999000000,34.03236861,4703,787999.02,18.3173445
2022-10-17,2.25e-05,2.28e-05,2.17e-05,2.18e-05,417372.13,1666051199999000000,9.27344968,1189,81394.8,1.79865187
2022-10-18,2.19e-05,2.22e-05,2.12e-05,2.19e-05,324287.86,1666137599999000000,7.05514109,994,167141.43,3.65987029
2022-10-19,2.2e-05,2.38e-05,2.17e-05,2.22e-05,783905.62,1666223999999000000,17.73837067,2455,363605.17,8.28768811
2022-10-20,2.22e-05,2.4e-05,2.18e-05,2.21e-05,834240.66,1666310399999000000,19.10040861,2724,360642.1,8.31277503
2022-10-21,2.2e-05,2.28e-05,2.14e-05,2.26e-05,410903.61,1666396799999000000,9.1322759,1132,208977.8,4.67144255
2022-10-22,2.26e-05,2.74e-05,2.26e-05,2.35e-05,1284731.83,1666483199999000000,31.74001764,5709,682413.36,16.98639628
2022-10-23,2.34e-05,2.59e-05,2.34e-05,2.41e-05,734091.62,1666569599999000000,17.90833595,3920,362105.77,8.87013354
2022-10-24,2.41e-05,2.76e-05,2.41e-05,2.66e-05,1036961.23,1666655999999000000,27.29158917,6195,503509.3,13.29795869
2022-10-25,2.65e-05,2.76e-05,2.57e-05,2.63e-05,502441.75,1666742399999000000,13.4233546,2529,309246.28,8.28143844
2022-10-26,2.64e-05,2.7e-05,2.51e-05,2.55e-05,227676.69,1666828799999000000,5.92186911,1768,97106.46,2.54083966
2022-10-27,2.56e-05,2.59e-05,2.43e-05,2.49e-05,251867.86,1666915199999000000,6.35614594,2146,67999.1,1.71471739
2022-10-28,2.48e-05,2.74e-05,2.47e-05,2.66e-05,309328.87,1667001599999000000,8.12113505,2973,183284.0,4.80143924
2022-10-29,2.66e-05,2.74e-05,2.58e-05,2.62e-05,215528.0,1667087999999000000,5.69961647,1577,90526.09,2.40742771
2022-10-30,2.63e-05,2.78e-05,2.6e-05,2.76e-05,307522.11,1667174399999000000,8.29788402,1802,156373.09,4.22137769
2022-10-31,2.77e-05,3.04e-05,2.74e-05,2.97e-05,705530.26,1667260799999000000,20.63871016,4889,353340.81,10.36220707
2022-11-01,2.97e-05,3.32e-05,2.85e-05,3.23e-05,747704.19,1667347199999000000,23.21262189,4648,397102.54,12.33824804
2022-11-02,3.23e-05,4.79e-05,3.22e-05,3.83e-05,5082496.88,1667433599999000000,199.31393415,32088,2629529.88,103.09014407
2022-11-03,3.83e-05,4.4e-05,3.63e-05,3.67e-05,1483855.17,1667519999999000000,58.50398041,10445,692185.92,27.39335152
2022-11-04,3.66e-05,3.76e-05,3.39e-05,3.51e-05,614246.71,1667606399999000000,21.81310593,7113,283447.72,10.11463108
2022-11-05,3.52e-05,4.48e-05,3.43e-05,4.25e-05,2177552.02,1667692799999000000,89.80769554,21979,1123873.49,46.45196308
2022-11-06,4.24e-05,5.49e-05,4.17e-05,4.39e-05,3063994.59,1667779199999000000,147.52611475,30732,1511127.66,73.08758805
2022-11-07,4.39e-05,4.82e-05,3.74e-05,3.9e-05,1954612.78,1667865599999000000,81.63137839,12976,859803.59,36.14206618
2022-11-08,3.89e-05,3.93e-05,2.91e-05,3.25e-05,3173248.94,1667951999999000000,109.67255502,15335,1437812.64,49.99370691
2022-11-09,3.26e-05,3.27e-05,2.5e-05,2.73e-05,2470890.39,1668038399999000000,69.64124317,8808,1372211.51,38.25113586
2022-11-10,2.73e-05,4.18e-05,2.67e-05,3.36e-05,3502848.52,1668124799999000000,115.04084384,20695,1834168.01,60.78721246
2022-11-11,3.36e-05,3.99e-05,3.04e-05,3.2e-05,2684144.32,1668211199999000000,89.23420616,12094,1405603.94,46.96117931
2022-11-12,3.2e-05,3.2e-05,2.72e-05,2.99e-05,700766.66,1668297599999000000,21.34817626,4375,308845.72,9.44532857
2022-11-13,3e-05,3.55e-05,2.9e-05,2.91e-05,1297498.25,1668383999999000000,41.22048464,7809,681884.15,22.11221518
2022-11-14,2.91e-05,3.09e-05,2.84e-05,3.02e-05,608892.68,1668470399999000000,18.1039619,3411,274319.71,8.1999228
2022-11-15,3.02e-05,3.09e-05,2.9e-05,2.92e-05,514567.24,1668556799999000000,15.37446777,2052,226287.95,6.79769344
2022-11-16,2.91e-05,3.05e-05,2.84e-05,2.86e-05,424849.51,1668643199999000000,12.46986522,2148,195049.71,5.75206247
2022-11-17,2.86e-05,2.95e-05,2.83e-05,2.84e-05,259674.74,1668729599999000000,7.50171678,1038,147128.59,4.26339635
2022-11-18,2.84e-05,2.91e-05,2.82e-05,2.87e-05,174356.38,1668815999999000000,5.00829731,767,87662.49,2.52405056
2022-11-19,2.85e-05,2.86e-05,2.74e-05,2.79e-05,159753.61,1668902399999000000,4.4414972,761,50176.85,1.3970535
2022-11-20,2.79e-05,2.96e-05,2.66e-05,2.67e-05,464971.62,1668988799999000000,13.18985464,1827,248351.39,7.05607747
2022-11-21,2.66e-05,2.77e-05,2.6e-05,2.65e-05,319454.72,1669075199999000000,8.52200024,1335,163860.76,4.39844091
2022-11-22,2.66e-05,2.7e-05,2.55e-05,2.66e-05,334899.02,1669161599999000000,8.79166983,1066,147429.88,3.88961414
2022-11-23,2.67e-05,2.86e-05,2.65e-05,2.8e-05,477114.91,1669247999999000000,13.09213055,2176,234100.34,6.4472643
2022-11-24,2.81e-05,2.86e-05,2.66e-05,2.7e-05,291342.2,1669334399999000000,7.92255897,1072,89777.71,2.45395529
2022-11-25,2.71e-05,2.8e-05,2.63e-05,2.69e-05,253248.07,1669420799999000000,6.90077141,1013,129788.48,3.5626435
2022-11-26,2.7e-05,3.29e-05,2.7e-05,3.1e-05,954082.31,1669507199999000000,28.29871341,5241,586377.22,17.47552752
2022-11-27,3.1e-05,3.45e-05,3.03e-05,3.08e-05,735651.75,1669593599999000000,23.61494138,6376,351592.86,11.35396324
2022-11-28,3.08e-05,3.1e-05,2.87e-05,2.89e-05,462643.93,1669679999999000000,13.63488067,2880,192588.52,5.66615052
2022-11-29,2.9e-05,3e-05,2.74e-05,2.9e-05,594464.7,1669766399999000000,17.14965919,2479,283401.33,8.21305342
2022-11-30,2.9e-05,2.95e-05,2.8e-05,2.86e-05,389012.64,1669852799999000000,11.16537241,1873,178660.18,5.14349693
2022-12-01,2.87e-05,2.89e-05,2.81e-05,2.81e-05,225506.66,1669939199999000000,6.40118018,944,97156.78,2.7740259
2022-12-02,2.8e-05,2.88e-05,2.79e-05,2.83e-05,171715.47,1670025599999000000,4.87920306,799,62444.95,1.78223195
2022-12-03,2.84e-05,3.18e-05,2.82e-05,3.03e-05,330715.82,1670111999999000000,9.87667,2763,180653.88,5.3748321
2022-12-04,3.02e-05,3.23e-05,2.93e-05,3e-05,296713.63,1670198399999000000,9.10956866,3284,154832.97,4.77184725
2022-12-05,3e-05,3.14e-05,2.82e-05,2.91e-05,432447.4,1670284799999000000,12.90469129,3548,162764.94,4.87884987
2022-12-06,2.91e-05,3.07e-05,2.83e-05,3.02e-05,306518.35,1670371199999000000,8.97861089,1206,199498.85,5.86950382
2022-12-07,3.01e-05,3.1e-05,2.9e-05,2.99e-05,360843.73,1670457599999000000,10.81379633,2133,112097.1,3.36108508
2022-12-08,2.99e-05,3.09e-05,2.91e-05,3.08e-05,342037.45,1670543999999000000,10.24967815,1394,188977.65,5.67453564
2022-12-09,3.09e-05,3.21e-05,2.96e-05,3.02e-05,729488.07,1670630399999000000,22.11158174,3469,216328.71,6.58965161
2022-12-10,3.03e-05,3.13e-05,2.92e-05,3.03e-05,1625921.05,1670716799999000000,48.79430816,4613,942120.78,28.27217614
2022-12-11,3.04e-05,3.06e-05,2.91e-05,2.93e-05,210910.96,1670803199999000000,6.29933338,823,63731.15,1.91849351
2022-12-12,2.91e-05,2.97e-05,2.86e-05,2.95e-05,558308.25,1670889599999000000,16.23931057,1382,109386.16,3.20493126
2022-12-13,2.96e-05,3.03e-05,2.85e-05,2.91e-05,722895.77,1670975999999000000,21.23689987,2286,404588.39,11.93269447
2022-12-14,2.92e-05,2.95e-05,2.8e-05,2.82e-05,213462.62,1671062399999000000,6.12860435,668,75231.5,2.16453365
2022-12-15,2.83e-05,2.88e-05,2.77e-05,2.87e-05,104944.45,1671148799999000000,2.95822757,401,64467.61,1.823929
2022-12-16,2.86e-05,2.91e-05,2.57e-05,2.62e-05,370933.14,1671235199999000000,10.39922468,1279,160617.23,4.53397117
2022-12-17,2.63e-05,2.74e-05,2.59e-05,2.68e-05,263860.37,1671321599999000000,7.00208972,984,129235.94,3.43225491
2022-12-18,2.68e-05,2.69e-05,2.63e-05,2.68e-05,90986.0,1671407999999000000,2.42787648,277,36971.27,0.9901676
2022-12-19,2.7e-05,2.7e-05,2.48e-05,2.55e-05,165679.3,1671494399999000000,4.30711139,590,65129.48,1.71121197
2022-12-20,2.55e-05,2.62e-05,2.53e-05,2.55e-05,104464.3,1671580799999000000,2.69364717,532,48984.09,1.26598601
2022-12-21,2.55e-05,2.55e-05,2.42e-05,2.46e-05,175736.26,1671667199999000000,4.36625626,455,45429.94,1.12930387
2022-12-22,2.46e-05,2.65e-05,2.45e-05,2.53e-05,217241.65,1671753599999000000,5.49271224,767,117664.57,2.98529937
2022-12-23,2.55e-05,2.67e-05,2.53e-05,2.56e-05,255488.21,1671839999999000000,6.5971605,784,117279.5,3.05714687
2022-12-24,2.55e-05,2.56e-05,2.5e-05,2.52e-05,256196.13,1671926399999000000,6.48484109,519,50698.57,1.29051151
2022-12-25,2.51e-05,2.54e-05,2.42e-05,2.45e-05,96699.82,1672012799999000000,2.39704471,346,23657.12,0.59119741
2022-12-26,2.45e-05,2.49e-05,2.43e-05,2.49e-05,65168.78,1672099199999000000,1.6048812,261,23533.74,0.58170519
2022-12-27,2.49e-05,2.51e-05,2.43e-05,2.5e-05,242700.47,1672185599999000000,6.03742629,567,60870.6,1.51333099
2022-12-28,2.49e-05,2.77e-05,2.44e-05,2.55e-05,399401.97,1672271999999000000,10.48077925,2058,224729.66,5.89750748
2022-12-29,2.56e-05,2.63e-05,2.42e-05,2.43e-05,184705.25,1672358399999000000,4.63152738,555,43835.3,1.12203375
2022-12-30,2.44e-05,2.47e-05,2.42e-05,2.44e-05,143882.37,1672444799999000000,3.50519148,438,37063.14,0.90751067
2022-12-31,2.44e-05,2.49e-05,2.41e-05,2.43e-05,74202.09,1672531199999000000,1.8142248,294,32000.56,0.78631048
2023-01-01,2.43e-05,2.47e-05,2.41e-05,2.44e-05,31552.1,1672617599999000000,0.7673652,115,11093.23,0.2723666
2023-01-02,2.42e-05,2.51e-05,2.4e-05,2.48e-05,59620.92,1672703999999000000,1.46361638,254,37601.6,0.92880926
2023-01-03,2.5e-05,2.52e-05,2.42e-05,2.45e-05,60468.2,1672790399999000000,1.48682479,329,17887.72,0.44292332
2023-01-04,2.46e-05,2.51e-05,2.38e-05,2.45e-05,283654.16,1672876799999000000,6.93082194,1845,123687.4,3.04135972
2023-01-05,2.46e-05,2.59e-05,2.43e-05,2.48e-05,168917.5,1672963199999000000,4.22929157,1726,95034.71,2.39663218
2023-01-06,2.49e-05,2.5e-05,2.41e-05,2.48e-05,133065.7,1673049599999000000,3.27122528,550,64570.43,1.59157002
2023-01-07,2.48e-05,2.55e-05,2.42e-05,2.42e-05,206719.44,1673135999999000000,5.10886823,1503,90588.27,2.2496104
2023-01-08,2.42e-05,2.54e-05,2.41e-05,2.54e-05,291131.26,1673222399999000000,7.22316581,1910,188144.92,4.6717061
2023-01-09,2.55e-05,2.65e-05,2.49e-05,2.6e-05,806612.44,1673308799999000000,20.62250215,3317,259475.98,6.66250897
2023-01-10,2.6e-05,2.73e-05,2.52e-05,2.59e-05,515282.05,1673395199999000000,13.46474252,1984,187938.05,4.89267677
2023-01-11,2.6e-05,2.63e-05,2.49e-05,2.52e-05,378362.71,1673481599999000000,9.64553936,1580,115492.41,2.95888374
2023-01-12,2.53e-05,2.57e-05,2.4e-05,2.42e-05,639303.43,1673567999999000000,15.79200516,1928,305271.75,7.6036533
2023-01-13,2.43e-05,2.95e-05,2.43e-05,2.72e-05,1829961.49,1673654399999000000,49.96888284,6710,1018300.94,27.88305761
2023-01-14,2.73e-05,2.9e-05,2.54e-05,2.67e-05,1547007.18,1673740799999000000,41.27579227,7390,761586.87,20.40460023
2023-01-15,2.67e-05,2.91e-05,2.48e-05,2.74e-05,1279284.13,1673827199999000000,33.69248137,4957,641561.32,16.97555013
2023-01-16,2.75e-05,2.96e-05,2.7e-05,2.9e-05,1011371.61,1673913599999000000,28.56218306,6430,535569.49,15.17214457
2023-01-17,2.89e-05,2.91e-05,2.71e-05,2.72e-05,653631.7,1673999999999000000,18.22246453,2515,284916.89,7.97309754
2023-01-18,2.74e-05,2.81e-05,2.53e-05,2.59e-05,806151.24,1674086399999000000,21.52509571,3699,345598.19,9.24598543
2023-01-19,2.6e-05,2.72e-05,2.55e-05,2.71e-05,487256.46,1674172799999000000,12.85160889,4664,261069.91,6.91985805
2023-01-20,2.69e-05,3.33e-05,2.66e-05,3.07e-05,1266678.58,1674259199999000000,37.60650266,7278,703886.99,20.92862693
2023-01-21,3.09e-05,3.21e-05,2.93e-05,2.93e-05,820295.04,1674345599999000000,25.28366997,4708,415974.6,12.87174729
2023-01-22,2.93e-05,3.13e-05,2.84e-05,3.04e-05,852482.32,1674431999999000000,25.35902956,3549,447824.2,13.36828394
2023-01-23,3.03e-05,3.91e-05,3e-05,3.73e-05,1802695.48,1674518399999000000,62.53812713,13102,968081.92,33.70219563
2023-01-24,3.74e-05,3.92e-05,3.35e-05,3.42e-05,801572.33,1674604799999000000,28.71575621,5919,375889.7,13.51776643
2023-01-25,3.42e-05,4.02e-05,3.41e-05,3.75e-05,1195789.34,1674691199999000000,45.239811,7527,589602.86,22.3508251
2023-01-26,3.75e-05,4.07e-05,3.68e-05,3.83e-05,930747.81,1674777599999000000,36.22711839,5248,428079.24,16.7157138
2023-01-27,3.84e-05,3.89e-05,3.54e-05,3.75e-05,970615.74,1674863999999000000,35.99354489,5177,465941.39,17.36165597
2023-01-28,3.74e-05,5.99e-05,3.7e-05,5.19e-05,3713043.99,1674950399999000000,176.33978809,28446,2020199.82,96.1215317
2023-01-29,5.17e-05,6.22e-05,4.97e-05,5.38e-05,2973723.51,1675036799999000000,166.10055946,25994,1492709.95,83.7341364
2023-01-30,5.39e-05,5.59e-05,4.98e-05,5.28e-05,856469.25,1675123199999000000,44.94344659,8751,427792.69,22.56147707
2023-01-31,5.3e-05,6.6e-05,5.09e-05,6.12e-05,1707055.77,1675209599999000000,102.32715794,18424,863814.67,51.79116839
2023-02-01,6.11e-05,7.19e-05,5.81e-05,6.42e-05,1357480.8,1675295999999000000,87.63619972,18490,717207.4,46.53638217
2023-02-02,6.43e-05,7.45e-05,6.3e-05,7.27e-05,1580134.86,1675382399999000000,112.11234101,13179,756009.05,53.85229605
2023-02-03,7.29e-05,7.42e-05,6.52e-05,7.23e-05,1652788.27,1675468799999000000,115.13809125,15335,1119135.48,78.05915281
2023-02-04,7.25e-05,7.54e-05,7e-05,7.16e-05,418947.87,1675555199999000000,30.33091783,6574,214788.55,15.58857133
2023-02-05,7.17e-05,8.01e-05,7e-05,7.64e-05,1055762.36,1675641599999000000,79.15148544,15076,538894.09,40.54345849
2023-02-06,7.63e-05,8.71e-05,7.53e-05,8.26e-05,979473.79,1675727999999000000,79.89654072,15180,508668.58,41.68017294
2023-02-07,8.23e-05,9.42e-05,7.98e-05,9.17e-05,852385.98,1675814399999000000,75.46142853,14379,434234.78,38.4799454
2023-02-08,9.19e-05,9.24e-05,7.05e-05,7.64e-05,1912018.33,1675900799999000000,150.3750944,16832,777397.84,61.00183939
2023-02-09,7.6e-05,7.81e-05,5.88e-05,6.31e-05,3142132.63,1675987199999000000,214.2089602,20961,1372418.09,94.55054883
2023-02-10,6.3e-05,6.97e-05,6.12e-05,6.87e-05,1717394.54,1676073599999000000,112.24506935,13282,987287.37,64.74336877
2023-02-11,6.82e-05,6.82e-05,6.23e-05,6.62e-05,510608.19,1676159999999000000,33.08052497,5471,255833.09,16.60950892
2023-02-12,6.6e-05,7.73e-05,6.41e-05,7.08e-05,1075345.56,1676246399999000000,75.97632809,12638,549551.5,39.00859719
2023-02-13,7.1e-05,7.58e-05,6.48e-05,6.88e-05,972442.37,1676332799999000000,67.71394586,12527,511963.59,35.88753018
2023-02-14,6.87e-05,8.06e-05,6.67e-05,7.74e-05,782574.15,1676419199999000000,58.24969935,12653,459736.73,34.24864199
2023-02-15,7.75e-05,8.97e-05,7.66e-05,8.21e-05,966867.92,1676505599999000000,79.96490503,14230,574269.29,47.55086134
2023-02-16,8.22e-05,8.76e-05,7.06e-05,7.55e-05,1140837.31,1676591999999000000,90.71899133,15435,509108.97,40.82185783
2023-02-17,7.51e-05,8.32e-05,7.43e-05,7.57e-05,1351713.57,1676678399999000000,105.66322994,11099,692293.03,54.30149545
2023-02-18,7.58e-05,7.89e-05,7.28e-05,7.5e-05,544152.17,1676764799999000000,41.22590977,4728,323844.0,24.6112727
2023-02-19,7.53e-05,7.56e-05,6.91e-05,7.08e-05,374701.74,1676851199999000000,27.10214195,3620,150087.05,10.87922381
2023-02-20,7.09e-05,7.14e-05,6.49e-05,6.91e-05,636323.49,1676937599999000000,43.30209563,6007,326997.55,22.32521288
2023-02-21,6.91e-05,7.6e-05,6.8e-05,6.98e-05,467856.3,1677023999999000000,33.44343986,7047,248353.07,17.85455819
2023-02-22,6.98e-05,6.98e-05,6.38e-05,6.68e-05,521255.9,1677110399999000000,34.37321493,5511,251650.51,16.6269283
2023-02-23,6.68e-05,6.99e-05,6.43e-05,6.58e-05,473322.43,1677196799999000000,31.80261057,4325,219369.51,14.80573131
2023-02-24,6.58e-05,7.04e-05,6.03e-05,6.28e-05,866392.84,1677283199999000000,56.85979776,6923,442054.05,29.21826874
2023-02-25,6.27e-05,6.34e-05,5.74e-05,6.09e-05,553680.29,1677369599999000000,33.20001428,4579,293817.46,17.64872537
2023-02-26,6.06e-05,6.67e-05,5.95e-05,6.52e-05,322781.23,1677455999999000000,20.49528177,3589,193991.22,12.30373211
2023-02-27,6.5e-05,6.66e-05,6.16e-05,6.28e-05,315860.04,1677542399999000000,20.16734433,3045,145810.19,9.33921992
2023-02-28,6.3e-05,6.96e-05,6.2e-05,6.28e-05,605445.3,1677628799999000000,39.73857861,8314,337279.08,22.22428821
2023-03-01,6.3e-05,6.66e-05,6.2e-05,6.6e-05,631524.04,1677715199999000000,41.00481042,4262,220413.68,14.14944996
2023-03-02,6.56e-05,6.7e-05,6.09e-05,6.51e-05,275275.62,1677801599999000000,17.58783311,3660,159504.63,10.2086969
2023-03-03,6.5e-05,6.56e-05,5.9e-05,6.08e-05,576782.88,1677887999999000000,35.29796289,5462,250537.9,15.35878499
2023-03-04,6.06e-05,6.13e-05,5.28e-05,5.56e-05,983389.16,1677974399999000000,55.10250548,7091,502381.41,28.26974863
2023-03-05,5.53e-05,5.75e-05,5.24e-05,5.35e-05,295731.26,1678060799999000000,16.26912317,3971,154228.54,8.52585242
2023-03-06,5.34e-05,5.49e-05,5.21e-05,5.42e-05,210588.15,1678147199999000000,11.28141257,3380,106810.41,5.73381717
2023-03-07,5.43e-05,5.72e-05,5.19e-05,5.32e-05,318569.13,1678233599999000000,17.29516934,4168,129669.62,7.09419872
2023-03-08,5.32e-05,5.36e-05,4.79e-05,4.94e-05,274769.22,1678319999999000000,13.88785977,3288,139051.54,7.01757812
2023-03-09,4.95e-05,5.38e-05,4.88e-05,5.11e-05,557107.09,1678406399999000000,28.74698109,6316,298090.65,15.45874711
2023-03-10,5.1e-05,5.34e-05,4.52e-05,5.25e-05,755273.71,1678492799999000000,37.47937031,6157,389051.41,19.50439229
2023-03-11,5.25e-05,5.34e-05,4.56e-05,4.78e-05,437569.29,1678579199999000000,21.42336868,4321,201305.16,9.83577124
2023-03-12,4.8e-05,5.92e-05,4.68e-05,5.63e-05,993193.61,1678665599999000000,50.72379018,8952,549579.53,28.23079103
2023-03-13,5.64e-05,5.75e-05,5.12e-05,5.31e-05,1301513.54,1678751999999000000,70.43443656,12576,668435.07,36.25637018
2023-03-14,5.32e-05,5.77e-05,5.07e-05,5.61e-05,894190.42,1678838399999000000,48.20211332,10693,484284.13,26.1397318
2023-03-15,5.62e-05,6.07e-05,4.86e-05,5.16e-05,928690.38,1678924799999000000,50.32039401,10537,432795.57,23.5011529
2023-03-16,5.15e-05,5.58e-05,5.09e-05,5.37e-05,548593.44,1679011199999000000,29.28123899,6693,306871.6,16.38387389
2023-03-17,5.36e-05,5.78e-05,5.05e-05,5.78e-05,522679.35,1679097599999000000,27.72264512,6782,307321.16,16.36433099
2023-03-18,5.75e-05,5.82e-05,5.3e-05,5.43e-05,482322.17,1679183999999000000,26.8723905,7471,200398.63,11.16873497
2023-03-19,5.44e-05,5.61e-05,5.19e-05,5.27e-05,476239.53,1679270399999000000,25.61952474,7943,239826.4,12.94781405
2023-03-20,5.25e-05,5.35e-05,4.75e-05,4.83e-05,502639.85,1679356799999000000,25.43789646,7712,236579.14,11.9950768
2023-03-21,4.85e-05,4.96e-05,4.59e-05,4.75e-05,426723.57,1679443199999000000,20.32270108,4227,192047.66,9.18222849
2023-03-22,4.78e-05,5.3e-05,4.6e-05,5.02e-05,912900.37,1679529599999000000,45.22155811,8921,475994.78,23.52993739
2023-03-23,5.04e-05,5.1e-05,4.65e-05,4.69e-05,469816.33,1679615999999000000,22.69779755,3584,191177.08,9.33278682
2023-03-24,4.72e-05,4.75e-05,4.32e-05,4.42e-05,393268.05,1679702399999000000,17.68761964,2406,165771.01,7.47043097
2023-03-25,4.43e-05,4.47e-05,4.14e-05,4.2e-05,294312.55,1679788799999000000,12.53893645,2069,81514.01,3.51251644
2023-03-26,4.2e-05,4.5e-05,4.14e-05,4.4e-05,267086.02,1679875199999000000,11.54398597,2637,158350.99,6.85417776
2023-03-27,4.38e-05,4.44e-05,4.12e-05,4.25e-05,312596.91,1679961599999000000,13.27803974,3569,152325.96,6.48293511
2023-03-28,4.23e-05,4.36e-05,4.08e-05,4.33e-05,366628.69,1680047999999000000,15.51330199,2686,212341.98,9.0027011
2023-03-29,4.32e-05,4.62e-05,4.23e-05,4.56e-05,475333.13,1680134399999000000,20.93969829,3510,209900.56,9.24865913
2023-03-30,4.55e-05,4.6e-05,4.33e-05,4.49e-05,394505.99,1680220799999000000,17.6245356,4468,164883.2,7.38505424
2023-03-31,4.51e-05,4.86e-05,4.37e-05,4.84e-05,294942.49,1680307199999000000,13.52570308,4113,194660.54,8.9799365
2023-04-01,4.81e-05,4.84e-05,4.59e-05,4.73e-05,258161.76,1680393599999000000,12.19389746,1873,125669.14,5.9413747
2023-04-02,4.75e-05,4.78e-05,4.47e-05,4.53e-05,146643.07,1680479999999000000,6.75046576,1978,74884.96,3.45201676
2023-04-03,4.54e-05,4.77e-05,4.44e-05,4.66e-05,252474.57,1680566399999000000,11.66534254,3454,144155.51,6.6787563
2023-04-04,4.67e-05,4.86e-05,4.56e-05,4.73e-05,202697.91,1680652799999000000,9.60586287,3998,118993.06,5.64716721
2023-04-05,4.74e-05,4.87e-05,4.67e-05,4.76e-05,564962.22,1680739199999000000,27.01353364,3642,230497.27,11.04561777
2023-04-06,4.74e-05,4.75e-05,4.58e-05,4.66e-05,136759.5,1680825599999000000,6.3638555,1443,56969.2,2.66023684
2023-04-07,4.66e-05,4.69e-05,4.54e-05,4.66e-05,176761.67,1680911999999000000,8.17037485,2032,85083.18,3.94026344
2023-04-08,4.65e-05,4.66e-05,4.52e-05,4.56e-05,101444.95,1680998399999000000,4.65663066,791,41687.81,1.9172619
2023-04-09,4.56e-05,4.62e-05,4.47e-05,4.62e-05,93463.15,1681084799999000000,4.24623115,636,46396.21,2.11108114
2023-04-10,4.61e-05,5.1e-05,4.57e-05,5e-05,1164505.84,1681171199999000000,57.24356542,4505,876758.29,43.2589441
2023-04-11,4.99e-05,5.64e-05,4.95e-05,5.23e-05,2193305.35,1681257599999000000,116.97426459,11841,1139965.1,60.22752523
2023-04-12,5.22e-05,5.63e-05,5.1e-05,5.35e-05,522477.36,1681343999999000000,27.7427764,5254,244010.48,12.9859553
2023-04-13,5.32e-05,5.56e-05,5.16e-05,5.29e-05,375305.76,1681430399999000000,19.88985979,3975,182506.88,9.68574138
2023-04-14,5.29e-05,5.84e-05,5.24e-05,5.69e-05,850288.34,1681516799999000000,47.13877732,10690,394612.18,21.9559089
2023-04-15,5.7e-05,5.81e-05,5.47e-05,5.5e-05,343358.03,1681603199999000000,19.4119602,3609,157502.2,8.93155999
2023-04-16,5.52e-05,5.89e-05,5.48e-05,5.86e-05,368805.99,1681689599999000000,21.14274567,6045,170016.1,9.73871425
2023-04-17,5.85e-05,6.63e-05,5.78e-05,6.58e-05,779605.01,1681775999999000000,49.35664339,10011,412070.21,26.12325356
